Model,Accuracy,Precision,Recall,F1,AUC
MLP_BP_PHQ_9,0.734375,0.9130434782608695,0.5833333333333334,0.7118644067796611,0.7321428571428572
MLP_MH_PHQ_S,0.6428571428571429,0.5897435897435898,0.48936170212765956,0.5348837209302325,0.6644844517184942
AdaBoost_BP_PHQ_9,0.671875,0.6923076923076923,0.75,0.7199999999999999,0.7430555555555557
AdaBoost_MH_PHQ_S,0.71875,0.725,0.8055555555555556,0.7631578947368423,0.8035714285714287
